FileName,org_Name
0158_슬픈인연,001.jpg
강산에_넌할수있어,002.jpg
강산에_라구요,003.jpg
강산에_예럴랄라,004.jpg
고한우_암연,005.jpg
김건모_미련,006.jpg
김건모_스피드,007.jpg
김건모_잘못된만남,008.jpg
김경호_금지된사랑,009.jpg
김경호_나를슬프게하는사람들,010.jpg
김경호_나의사랑천상에서도,011.jpg
김경호_마지막기도,012.jpg
김경호_비정,013.jpg
김광석_ 나의노래,014.jpg
김광석_그녀가처음울던날,015.jpg
김광석_서른즈음에,016.jpg
김돈규_나만의슬픔,017.jpg
김동욱_미련한 사랑_1,018.jpg
김동욱_미련한사랑_2,019.jpg
김동욱_미련한사랑_3,020.jpg
김동욱_미련한사랑_4,021.jpg
김민우_사랑일뿐야,022.jpg
김민종_귀천도애,023.jpg
김민종_항상그자리에,024.jpg
김범수_보고싶다_1,025.jpg
김범수_보고싶다_2,026.jpg
김범수_보고싶다_3,027.jpg
김범수_약속,028.jpg
김사랑_모조리다,029.jpg
김수철 _못다핀꽃한송이,030.jpg
김윤아_봄날은간다_1,031.jpg
김윤아_봄날은간다_2,032.jpg
김윤아_봄날은간다_3,033.jpg
김윤아_봄날은간다_4,034.jpg
김장훈_나와같다면,035.jpg
김장훈_세상이그대를속일지라도,036.jpg
김정민_슬픈언약식,037.jpg
김종서_겨울비,038.jpg
김종서_남겨진독백,039.jpg
김종서_다시난사는거야,040.jpg
김종서_대답없는너,041.jpg
김종서_마름다운 구속,042.jpg
김종서_실연,043.jpg
김종서_영원,044.jpg
김종서_지금은알수없어,045.jpg
김종환_사랑을위하며,046.jpg
김종환_존재의이유,047.jpg
김태영_오랜방황의끝,048.jpg
김현식_내사랑내곁에_1,049.jpg
김현식_내사랑내곁에_2,050.jpg
김현식_비처럼음악처럼,051.jpg
김현식_사랑했어요,052.jpg
김현철_달의몰락,053.jpg
김현철이소라_그대만의블루,054.jpg
김형중_그랬나봐_1,055.jpg
김형중_그랬나봐_2,056.jpg
김형중_그랬나봐_3,057.jpg
나훈아_무시로,058.jpg
네멋대로해라_멜로드라마_1,059.jpg
네멋대로해라_멜로드라마_2,060.jpg
노영심_그리움만쌓이네,061.jpg
녹색지대_사랑을할꺼야,062.jpg
더클래식_마법의성,063.jpg
동물원_거리에서,064.jpg
동물원_널사랑하겠어,065.jpg
두리안_I'mStillLovingYou,066.jpg
듀크_스타리만,067.jpg
들국화_그것만이내세상,068.jpg
들국화_세계로가는기차,069.jpg
리아_눈물,070.jpg
마담_세상엔없는사랑,071.jpg
마로니에_칵테일 사랑,072.jpg
문차일드_태양은가득히,073.jpg
미적_그땐그랬지,074.jpg
미지훈_왜하늘은,075.jpg
민들레_난너에게,076.jpg
박기영_BlueSky,077.jpg
박상민_멀어져간사람아,078.jpg
박상민_무기며잘있거라,079.jpg
박상민_비원,080.jpg
박상민_상실,081.jpg
박상민_청바지아가씨,082.jpg
박상민_하나의사랑,083.jpg
박영미_나는외로움그대는그리움,084.jpg
박완규_천년의 사랑,085.jpg
박정현_YouMeanEveryThingToMe_1,086.jpg
박정현_YouMeanEveryThingToMe_2,087.jpg
박지윤_하늘색꿈,088.jpg
박진영_Honey,089.jpg
박화요비_Lie_1,090.jpg
박화요비_Lie_2,091.jpg
박효신_먼곳에서,092.jpg
박효신_바보_1,093.jpg
박효신_바보_2,094.jpg
배기성_오늘도참는다,095.jpg
백효신_해줄수없는일,096.jpg
뱅크_가질수없는너,097.jpg
변진섭_새들처럼,098.jpg
별_12월32일_1,099.jpg
별_12월32일_2,100.jpg
별_12월32일_3,101.jpg
봄여름가을겨울_사람들은모두변하나봐,102.jpg
부활_비와당신의이야기,103.jpg
부활_사랑할수록,104.jpg
부활_LonelyNight,105.jpg
부활_NeverEndingStory_1,106.jpg
부활_NeverEndingStory_2,107.jpg
부활_NeverEndingStory_3,108.jpg
브라운아이즈_벌써일년_1,109.jpg
브라운아이즈_벌써일년_2,110.jpg
브라운아이즈_점점_1,111.jpg
브라운아이즈_점점_2,112.jpg
브라운아이즈_점점_3,113.jpg
비쥬_누구보다널사랑해,114.jpg
빅마마_BreakAway_1,115.jpg
빅마마_BreakAway_2,116.jpg
빅마마_BreakAway_3,117.jpg
사준_남겨진슬픔,118.jpg
서문탁_사랑결코시들지않는,119.jpg
서준서_나만의그대모습,120.jpg
소찬휘_보낼수밖에없는난,121.jpg
손성훈_고백,122.jpg
신성우_서시_1,123.jpg
신성우_서시_2,124.jpg
신승훈_나보다조금더높은곳에니가있을뿐_1,125.jpg
신승훈_나보다조금더높은곳에니가있을뿐_2,126.jpg
신승훈_미소속에비친그대,127.jpg
신승훈_보이지않는사랑,128.jpg
신승훈_사랑해도헤어질수있다면_1,129.jpg
신승훈_사랑해도헤어질수있다면_2,130.jpg
신승훈_사랑해도헤어질수있다면_3,131.jpg
신승훈_사랑해도헤어질수있다면_4,132.jpg
신승훈_사랑해도헤어질수있다면_5,133.jpg
신중현_과엽전들미인,134.jpg
심수봉_그때 그사람,135.jpg
심수봉_사랑밖엔난몰라,136.jpg
안치환_내가만일,137.jpg
야나_이미슬픈사랑,138.jpg
양희은_사랑그쓸쓸함에대하여,139.jpg
에메랄드캐슬-발걸음,140.jpg
에즈원_원하고원망하죠_1,141.jpg
에즈원_원하고원망하죠_2,142.jpg
에즈원_원하고원망하죠_3,143.jpg
에즈원_원하고원망하죠_4,144.jpg
에즈원_원하고원망하죠_5,145.jpg
영턱스클럽_타인,146.jpg
예민_산골소년의사랑이야기,147.jpg
오현란_나때문이죠_1,148.jpg
오현란_나때문이죠_2,149.jpg
왁스_화장을고치고_1,150.jpg
왁스_화장을고치고_2,151.jpg
유리상자_순애보,152.jpg
유리상자_신부에게_1,153.jpg
유리상자_신부에게_2,154.jpg
유재하_다시돌아온그댈위해,155.jpg
유재하_사랑하기때문에,156.jpg
윤도현밴드_사랑TW0,157.jpg
윤미래_하루하루_1,158.jpg
윤미래_하루하루_2,159.jpg
윤종신_오래전그날_1,160.jpg
윤종신_오래전그날_2,161.jpg
윤현석_Love(사랑),162.jpg
이무송_사는게뭔지,163.jpg
이문세_광화문연가,164.jpg
이문세_그녀의웃음소리뿐,165.jpg
이문세_깊은밤을날아서_1,166.jpg
이문세_깊은밤을날아서_2,167.jpg
이문세_나는행복한사람,168.jpg
이문세_조조할인,169.jpg
이브 아가페,170.jpg
이브_너그럴때면,171.jpg
이소라_난행복해,172.jpg
이소라_처음느낌그대로_1,173.jpg
이소라_처음느낌그대로_2,174.jpg
이수영_라라라_1,175.jpg
이수영_라라라_2,176.jpg
이수영_라라라_3,177.jpg
이수영_라라라_4,178.jpg
이수영_얼마나좋을까_1,179.jpg
이수영_얼마나좋을까_2,180.jpg
이수영_얼마나좋을까_3,181.jpg
이수영_IBelieve,182.jpg
이승철_너의곁으로,183.jpg
이승철_넌또다른나,184.jpg
이승철_마지막나의모습,185.jpg
이승철_마지막콘서트,186.jpg
이승철_말리꽃,187.jpg
이승철_오직너뿐인나를,188.jpg
이승환_기다린날도지워진날도,189.jpg
이승환_당부,190.jpg
이승환_사랑하나요_1,191.jpg
이승환_사랑하나요_2,192.jpg
이승환_사랑하나요_3,193.jpg
이승환_세가지소원,194.jpg
이승환_천일동만_1,195.jpg
이승환_천일동만_2,196.jpg
이승훈_비오는거리,197.jpg
이예린_늘지금처럼,198.jpg
이원진_시작되는연인들을위해,199.jpg
이은미_기억속으로_1,200.jpg
이은미_기억속으로_2,201.jpg
이은민_215의외침,202.jpg
이현우_헤어진다음날,203.jpg
일기예보_인형의꿈_1,204.jpg
일기예보_인형의꿈_2,205.jpg
임창정_기쁜우리_1,206.jpg
임창정_기쁜우리_2,207.jpg
임창정_SmileAgain,208.jpg
자두_대화가필요해_1,209.jpg
자두_대화가필요해_2,210.jpg
자우림_HeyHeyHey_1,211.jpg
자우림_HeyHeyHey_2,212.jpg
자전거탄풍경_너에게난나에게넌_1,213.jpg
자전거탄풍경_너에게난나에게넌_2,214.jpg
전유나_너를사랑하고도,215.jpg
전인권허성욱_사랑한후에,216.jpg
정경화_나에게로의초대,217.jpg
정일영_기도,218.jpg
정태춘_떠나가는배,219.jpg
정태춘_촛불,220.jpg
조관우_길,221.jpg
조관우_꽃밭에서_1,222.jpg
조관우_꽃밭에서_2,223.jpg
조관우_늪,224.jpg
조관우_님은먼곳에,225.jpg
조규만_다줄거야,226.jpg
조덕배_그 대내맘에들어오며는,227.jpg
조성모_가시나무,228.jpg
조성모_깊은밤을날아서,229.jpg
조성모_다짐,230.jpg
조성모_아시나요_1,231.jpg
조성모_아시나요_2,232.jpg
조성모_ToHeaven,233.jpg
조수미_송인,234.jpg
조장혁_중독된사람_1,235.jpg
조장혁_중독된사람_2,236.jpg
조장혁_love,237.jpg
조장혁(명랑소녀성공기)_LoveSong_1,238.jpg
조장혁(명랑소녀성공기)_LoveSong_2,239.jpg
조장혁(명랑소녀성공기)_LoveSong_3,240.jpg
조장혁(명랑소녀성공기)_LoveSong_4,241.jpg
조장혁(명랑소녀성공기)_LoveSong_5,242.jpg
조장혁(명랑소녀성공기)_LoveSong_6,243.jpg
조정현_그아픔까지사랑한거야,244.jpg
조정현_슬픈바다,245.jpg
조하문_이밤을다시한번,246.jpg
지니_뭐야미건,247.jpg
지영선_가슴앓이_1,248.jpg
지영선_가슴앓이_2,249.jpg
지영선_가슴앓이_3,250.jpg
진시몬_낯설은마쉬움,251.jpg
차태현_모르나요_1,252.jpg
차태현_모르나요_2,253.jpg
차태현_모르나요_3,254.jpg
체리필터_낭만고양이_1,255.jpg
체리필터_낭만고양이_2,256.jpg
체리필터_낭만고양이_3,257.jpg
체리필터_낭만고양이_4,258.jpg
최민수_의미없는시간,259.jpg
최재훈_잊을수없는너,260.jpg
캔_천상면,261.jpg
컨츄리꼬꼬_GimmeGimme,262.jpg
쿨_너의집앞에서_1,263.jpg
쿨_너의집앞에서_2,264.jpg
쿨_너의집앞에서_3,265.jpg
쿨_너의집앞에서_4,266.jpg
쿨_마로하,267.jpg
쿨_맥주와땅콩,268.jpg
쿨_백설공주_1,269.jpg
쿨_백설공주_2,270.jpg
쿨_백설공주_3,271.jpg
쿨_백설공주_4,272.jpg
쿨_애상_1,273.jpg
쿨_애상_2,274.jpg
쿨_해변의며인_1,275.jpg
쿨_해변의며인_2,276.jpg
쿨_AllForYou,277.jpg
크라잉넛_밤이깊었네_1,278.jpg
크라잉넛_밤이깊었네_2,279.jpg
태진아-사랑은아무나하나,280.jpg
패닉_달팽이_1,281.jpg
패닉_달팽이_2,282.jpg
포지션_두려움없는사랑,283.jpg
포지션_후회없는사랑,284.jpg
포지션_BlueDay,285.jpg
포지션_ILoveYou,286.jpg
푸른하늘_겨울바다_1,287.jpg
푸른하늘_겨울바다_2,288.jpg
플라워_Endless,289.jpg
피노키오_사랑과우정사이_1,290.jpg
피노키오_사랑과우정사이_2,291.jpg
한동준_너를사랑해_1,292.jpg
한동준_너를사랑해_2,293.jpg
한동준_사랑의서약,294.jpg
해바라기_모두가사랑이예요,295.jpg
햇빛촌_유리창엔비,296.jpg
홍경민_흔들린우정,297.jpg
화미트_칠년간의사랑,298.jpg
화이트_네모의꿈,299.jpg
휘성_안되나요_1,300.jpg
휘성_안되나요_2,301.jpg
휘성_안되나요_3,302.jpg
휘성_안되나요_4,303.jpg
휘성_안되나요_5,304.jpg
휘성_안되나요_6,305.jpg
ART_슬픈얼굴,306.jpg
ASONE_너만은모르길,307.jpg
BB_하늘땅별땅,308.jpg
Blink_Betty_1,309.jpg
Blink_Betty_2,310.jpg
DJDOC_겨울이야기,311.jpg
DJDOC_RunToYou_1,312.jpg
GOD_사랑해그리고기억해,313.jpg
K2_슬프도록아름다운,314.jpg
K2_잃어버린너,315.jpg
NEXT_그대에게_1,316.jpg
NEXT_그대에게_2,317.jpg
NEXT_날마라병마리,318.jpg
NowNNEW_하나되어_1,319.jpg
NowNNEW_하나되어2,320.jpg
RADIOHEAD_Creep,321.jpg
SKY_반전,322.jpg
SKY_영원_1,323.jpg
SKY_영원_2,324.jpg
TheName_TheName_1,325.jpg
TheName_TheName_2,326.jpg
TheName_TheName_3,327.jpg
